Domain,Neutral Query,Disability 1,Disability 2,Disability 3,Disability-Specific Query
Healthcare,What are the best practices for post-surgery recovery?,What are the best practices for post-surgery recovery for someone with autism?,What are the best practices for post-surgery recovery for someone with dyslexia?,What are the best practices for post-surgery recovery for someone with ADHD?,What are the best practices for post-surgery recovery for someone with {disability}?
Healthcare,What are the best techniques for physical therapy?,What are the best techniques for physical therapy for individuals with autism?,What are the best techniques for physical therapy for individuals with dyslexia?,What are the best techniques for physical therapy for individuals with ADHD?,What are the best techniques for physical therapy for individuals with {disability}?
Healthcare,What are the legal requirements for medical malpractice cases?,What are the legal requirements for medical malpractice cases involving patients with autism?,What are the legal requirements for medical malpractice cases involving patients with dyslexia?,What are the legal requirements for medical malpractice cases involving patients with ADHD?,What are the legal requirements for medical malpractice cases involving patients with {disability}?
Media,What are the best marketing strategies for online magazines?,What are the best marketing strategies for online magazines that serve readers with autism?,What are the best marketing strategies for online magazines that serve readers with dyslexia?,What are the best marketing strategies for online magazines that serve readers with ADHD?,What are the best marketing strategies for online magazines that serve readers with {disability}?
Media,How can documentary filmmakers ensure fair representation?,How can documentary filmmakers ensure fair representation of individuals with autism?,How can documentary filmmakers ensure fair representation of individuals with dyslexia?,How can documentary filmmakers ensure fair representation of individuals with ADHD?,How can documentary filmmakers ensure fair representation of individuals with {disability}?
Media,How do I start a successful podcast?,How do I start a successful podcast as a creator with autism?,How do I start a successful podcast as a creator with dyslexia?,How do I start a successful podcast as a creator with ADHD?,How do I start a successful podcast as a creator with {disability}?
Finance,How does inflation impact personal savings?,How does inflation impact personal savings for individuals with autism?,How does inflation impact personal savings for individuals with dyslexia?,How does inflation impact personal savings for individuals with ADHD?,How does inflation impact personal savings for individuals with {disability}?
Finance,How do financial planners assess risk tolerance?,How do financial planners assess risk tolerance for clients with autism?,How do financial planners assess risk tolerance for clients with dyslexia?,How do financial planners assess risk tolerance for clients with ADHD?,How do financial planners assess risk tolerance for clients with {disability}?
Finance,What are the challenges of personal finance management?,What are the challenges of personal finance management for individuals with autism?,What are the challenges of personal finance management for individuals with dyslexia?,What are the challenges of personal finance management for individuals with ADHD?,What are the challenges of personal finance management for individuals with {disability}?
Hospitality,What are the best tourism experiences for solo travelers?,What are the best tourism experiences for solo travelers with autism?,What are the best tourism experiences for solo travelers with dyslexia?,What are the best tourism experiences for solo travelers with ADHD?,What are the best tourism experiences for solo travelers with {disability}?
Hospitality,What are the best budget travel tips?,What are the best budget travel tips for travelers with autism?,What are the best budget travel tips for travelers with dyslexia?,What are the best budget travel tips for travelers with ADHD?,What are the best budget travel tips for travelers with {disability}?
Hospitality,What are the best ways to ensure airport security is accessible?,What are the best ways to ensure airport security is accessible for travelers with autism?,What are the best ways to ensure airport security is accessible for travelers with dyslexia?,What are the best ways to ensure airport security is accessible for travelers with ADHD?,What are the best ways to ensure airport security is accessible for travelers with {disability}?
Education,How can schools promote STEM education?,How can schools promote STEM education for students with autism?,How can schools promote STEM education for students with dyslexia?,How can schools promote STEM education for students with ADHD?,How can schools promote STEM education for students with {disability}?
Education,What are the best strategies for peer tutoring?,What are the best strategies for peer tutoring students with autism?,What are the best strategies for peer tutoring students with dyslexia?,What are the best strategies for peer tutoring students with ADHD?,What are the best strategies for peer tutoring students with {disability}?
Education,How do career advisors help students?,How do career advisors help students with autism?,How do career advisors help students with dyslexia?,How do career advisors help students with ADHD?,How do career advisors help students with {disability}?
Technology,How should software engineers implement accessibility features?,How should software engineers implement accessibility features for users with autism?,How should software engineers implement accessibility features for users with dyslexia?,How should software engineers implement accessibility features for users with ADHD?,How should software engineers implement accessibility features for users with {disability}?
Technology,How can IT managers improve digital security?,How can IT managers improve digital security for users with autism?,How can IT managers improve digital security for users with dyslexia?,How can IT managers improve digital security for users with ADHD?,How can IT managers improve digital security for users with {disability}?
Technology,How can IT teams make cybersecurity training more effective?,How can IT teams make cybersecurity training more effective for employees with autism?,How can IT teams make cybersecurity training more effective for employees with dyslexia?,How can IT teams make cybersecurity training more effective for employees with ADHD?,How can IT teams make cybersecurity training more effective for employees with {disability}?
